{
    "Planet_1": {
        "position": [
            2410499357009.96,
            1096491386323.272
        ],
        "velocity": [
            -4517.158545430292,
            -4464.12676791375
        ],
        "mass": 1.5885832577527304e+23
    },
    "Planet_2": {
        "position": [
            -1497153683087.9114,
            79718818416.35059
        ],
        "velocity": [
            3087.905796538502,
            564.3589984194032
        ],
        "mass": 8.987894317084243e+23
    },
    "Planet_3": {
        "position": [
            2119021231697.8447,
            -37203915209.5376
        ],
        "velocity": [
            2479.923517921833,
            -68.57498352927814
        ],
        "mass": 4.476699341514497e+23
    },
    "Planet_4": {
        "position": [
            784626120955.4453,
            -920969018343.449
        ],
        "velocity": [
            1881.9375477013646,
            -789.2399355055259
        ],
        "mass": 2.354233162907225e+23
    },
    "Planet_5": {
        "position": [
            -1763535414236.2092,
            -2498330032258.648
        ],
        "velocity": [
            -3342.9746092026303,
            2717.3153490065424
        ],
        "mass": 7.027074204113047e+23
    },
    "Planet_6": {
        "position": [
            -604300347286.6284,
            2096020829066.7812
        ],
        "velocity": [
            -69.88271042627093,
            1630.890709624865
        ],
        "mass": 4.2601814397484956e+23
    },
    "Planet_7": {
        "position": [
            1369878931404.1245,
            -2623321625595.1934
        ],
        "velocity": [
            4252.590351113999,
            1876.8968641348301
        ],
        "mass": 7.884966330265678e+23
    },
    "Planet_8": {
        "position": [
            1299146999873.06,
            1359527101457.038
        ],
        "velocity": [
            -4811.035011433374,
            579.1205237675786
        ],
        "mass": 3.507163308786104e+23
    },
    "Planet_9": {
        "position": [
            2859763662523.1836,
            -1819742171721.5757
        ],
        "velocity": [
            1780.0936138806537,
            3971.0607052677697
        ],
        "mass": 5.4774914009420413e+23
    },
    "Planet_10": {
        "position": [
            2213138704510.8574,
            -1909105519808.0908
        ],
        "velocity": [
            -4761.340589219502,
            606.112889029806
        ],
        "mass": 1.7868878836491624e+23
    },
    "Planet_11": {
        "position": [
            -1498239916950.1255,
            2577162010184.916
        ],
        "velocity": [
            3164.782815242158,
            -4522.2410752786245
        ],
        "mass": 5.513396657046964e+23
    },
    "Planet_12": {
        "position": [
            2171987709764.2344,
            809173107313.7842
        ],
        "velocity": [
            2794.8324133185133,
            3309.6545604314433
        ],
        "mass": 9.272556934301681e+23
    },
    "Planet_13": {
        "position": [
            1317949315632.5625,
            -1609944588658.8838
        ],
        "velocity": [
            3807.5920471076424,
            -3873.09888859519
        ],
        "mass": 9.340454571336263e+23
    },
    "Planet_14": {
        "position": [
            -300795740472.26514,
            1876414024120.1533
        ],
        "velocity": [
            3683.2864289304725,
            4578.9750789334685
        ],
        "mass": 4.375457841838039e+23
    },
    "high_mass_body": {
        "position": [
            -2649361422626.1978,
            722338797985.7373
        ],
        "velocity": [
            483.1930462700184,
            3061.867814534987
        ],
        "mass": 1.989e+30
    }
}