{
    "Planet_1": {
        "position": [
            -2503238439163.1797,
            2105162991816.9658
        ],
        "velocity": [
            -2153.7877962797324,
            -4827.954929884827
        ],
        "mass": 5.6205804872698715e+23
    },
    "Planet_2": {
        "position": [
            -366589559899.91455,
            478909194804.77295
        ],
        "velocity": [
            3725.6231003775974,
            2764.236673114995
        ],
        "mass": 9.72994106355289e+23
    },
    "Planet_3": {
        "position": [
            -1801213232103.0095,
            -177073075605.021
        ],
        "velocity": [
            2004.6992793864756,
            -3214.9649501787217
        ],
        "mass": 4.443633435273984e+23
    },
    "Planet_4": {
        "position": [
            -186892237930.55273,
            -1656513476080.3323
        ],
        "velocity": [
            2052.8187478983937,
            2565.130499743841
        ],
        "mass": 8.212272885233986e+23
    },
    "Planet_5": {
        "position": [
            -1595821962192.6838,
            1568399142146.9023
        ],
        "velocity": [
            -2489.948633201895,
            2192.695063762779
        ],
        "mass": 2.627762288636904e+23
    },
    "Planet_6": {
        "position": [
            -1437602524669.549,
            717687114691.2188
        ],
        "velocity": [
            -3180.320909948887,
            1730.4602232993975
        ],
        "mass": 8.154104627132559e+23
    },
    "Planet_7": {
        "position": [
            248054007598.94092,
            -2416177952352.077
        ],
        "velocity": [
            4180.167421559916,
            -3743.8938560482447
        ],
        "mass": 2.852162163457186e+23
    },
    "Planet_8": {
        "position": [
            -502307205870.5005,
            -2226422379981.911
        ],
        "velocity": [
            -3255.396222991778,
            -1271.786279265803
        ],
        "mass": 3.549395831787083e+23
    },
    "Planet_9": {
        "position": [
            -161668247698.14453,
            139580183692.32666
        ],
        "velocity": [
            2245.4334264968256,
            -161.7370072068179
        ],
        "mass": 1.9422582610925577e+23
    },
    "Planet_10": {
        "position": [
            -1284833042728.763,
            -2504034697214.177
        ],
        "velocity": [
            4689.744066548401,
            -4551.496842304041
        ],
        "mass": 4.7924097787696554e+23
    },
    "Planet_11": {
        "position": [
            2746668777765.587,
            1447358034687.3975
        ],
        "velocity": [
            654.731545764892,
            4471.7541009700635
        ],
        "mass": 4.834072500374364e+23
    },
    "Planet_12": {
        "position": [
            -175557162539.4048,
            1972443065634.9004
        ],
        "velocity": [
            4785.350473198412,
            -301.6804466214717
        ],
        "mass": 4.356367106982852e+23
    },
    "Planet_13": {
        "position": [
            851129414828.8062,
            721932889896.5728
        ],
        "velocity": [
            -4591.7491193055985,
            -956.5076586435084
        ],
        "mass": 8.640081430130497e+23
    },
    "Planet_14": {
        "position": [
            1944661606022.253,
            1502937904957.6934
        ],
        "velocity": [
            3600.308377352867,
            -3977.1611564147292
        ],
        "mass": 9.211255852492169e+23
    },
    "high_mass_body": {
        "position": [
            -50870210933.57422,
            247928435699.21924
        ],
        "velocity": [
            1401.704854662853,
            1576.1865442705503
        ],
        "mass": 1.989e+30
    }
}